scenario,pair,process_order,value_unit,iterations,language_count,task_count,rounds,operation_count,baseline_value,candidate_value,baseline_build_count,candidate_build_count,baseline_checksum,candidate_checksum
warm-highlight,1,baseline>candidate,ns/op,200000,,,,,1906.15229,1928.935,1,1,200000,200000
auto-warm,1,baseline>candidate,ns/op,500,64,,,,155868.166,128352.5,,,1000,1000
cold-contention,1,baseline>candidate,ns/round,,,16,3,,4532166.666667,2226069.666667,42,3,48,48
warm-contention-1,1,baseline>candidate,ns/op,,,1,,200000,1930.81354,1915.328125,1,1,200000,200000
warm-contention-8,1,baseline>candidate,ns/op,,,8,,200000,1403.363335,1234.58396,1,1,200000,200000
warm-contention-32,1,baseline>candidate,ns/op,,,32,,200000,1751.921665,1683.746875,1,1,200000,200000
warm-highlight,2,candidate>baseline,ns/op,200000,,,,,1925.73292,1882.253125,1,1,200000,200000
auto-warm,2,candidate>baseline,ns/op,500,64,,,,158371.666,131911.75,,,1000,1000
cold-contention,2,candidate>baseline,ns/round,,,16,3,,4558416.666667,2398166.666667,41,3,48,48
warm-contention-1,2,candidate>baseline,ns/op,,,1,,200000,1986.32,1975.856455,1,1,200000,200000
warm-contention-8,2,candidate>baseline,ns/op,,,8,,200000,1458.18208,1287.927295,1,1,200000,200000
warm-contention-32,2,candidate>baseline,ns/op,,,32,,200000,1671.527085,1679.05271,1,1,200000,200000
warm-highlight,3,baseline>candidate,ns/op,200000,,,,,1937.61333,1931.00229,1,1,200000,200000
auto-warm,3,baseline>candidate,ns/op,500,64,,,,156000.5,127181.584,,,1000,1000
cold-contention,3,baseline>candidate,ns/round,,,16,3,,4760180.666667,2316250.0,42,3,48,48
warm-contention-1,3,baseline>candidate,ns/op,,,1,,200000,1963.68375,1973.33792,1,1,200000,200000
warm-contention-8,3,baseline>candidate,ns/op,,,8,,200000,1409.040625,1211.576665,1,1,200000,200000
warm-contention-32,3,baseline>candidate,ns/op,,,32,,200000,1594.262085,1764.204795,1,1,200000,200000
warm-highlight,4,candidate>baseline,ns/op,200000,,,,,1947.650205,1917.56771,1,1,200000,200000
auto-warm,4,candidate>baseline,ns/op,500,64,,,,154826.0,126639.166,,,1000,1000
cold-contention,4,candidate>baseline,ns/round,,,16,3,,4967138.666667,2240403.0,41,3,48,48
warm-contention-1,4,candidate>baseline,ns/op,,,1,,200000,1974.90083,1909.890625,1,1,200000,200000
warm-contention-8,4,candidate>baseline,ns/op,,,8,,200000,1372.244165,1246.52,1,1,200000,200000
warm-contention-32,4,candidate>baseline,ns/op,,,32,,200000,1634.336875,1685.899165,1,1,200000,200000
warm-highlight,5,baseline>candidate,ns/op,200000,,,,,1901.324585,1951.52521,1,1,200000,200000
auto-warm,5,baseline>candidate,ns/op,500,64,,,,155411.334,127095.5,,,1000,1000
cold-contention,5,baseline>candidate,ns/round,,,16,3,,4784416.666667,2277069.666667,41,3,48,48
warm-contention-1,5,baseline>candidate,ns/op,,,1,,200000,1996.714585,2004.77729,1,1,200000,200000
warm-contention-8,5,baseline>candidate,ns/op,,,8,,200000,1474.254375,1246.34625,1,1,200000,200000
warm-contention-32,5,baseline>candidate,ns/op,,,32,,200000,1636.49396,1684.591665,1,1,200000,200000
warm-highlight,6,candidate>baseline,ns/op,200000,,,,,2029.999165,1973.04229,1,1,200000,200000
auto-warm,6,candidate>baseline,ns/op,500,64,,,,160539.75,129053.75,,,1000,1000
cold-contention,6,candidate>baseline,ns/round,,,16,3,,5011889.0,2379055.666667,42,3,48,48
warm-contention-1,6,candidate>baseline,ns/op,,,1,,200000,2037.61604,2025.615625,1,1,200000,200000
warm-contention-8,6,candidate>baseline,ns/op,,,8,,200000,1420.19875,1246.84,1,1,200000,200000
warm-contention-32,6,candidate>baseline,ns/op,,,32,,200000,1618.91229,1711.039165,1,1,200000,200000
warm-highlight,7,baseline>candidate,ns/op,200000,,,,,1915.6975,2027.44125,1,1,200000,200000
auto-warm,7,baseline>candidate,ns/op,500,64,,,,164525.834,132974.5,,,1000,1000
cold-contention,7,baseline>candidate,ns/round,,,16,3,,4846416.666667,2255555.666667,39,3,48,48
warm-contention-1,7,baseline>candidate,ns/op,,,1,,200000,2007.48771,1987.04792,1,1,200000,200000
warm-contention-8,7,baseline>candidate,ns/op,,,8,,200000,1447.589795,1251.96,1,1,200000,200000
warm-contention-32,7,baseline>candidate,ns/op,,,32,,200000,1644.933125,1630.71896,1,1,200000,200000
warm-highlight,8,candidate>baseline,ns/op,200000,,,,,2003.28021,1983.52604,1,1,200000,200000
auto-warm,8,candidate>baseline,ns/op,500,64,,,,160296.668,127766.916,,,1000,1000
cold-contention,8,candidate>baseline,ns/round,,,16,3,,4961902.666667,2204319.666667,42,3,48,48
warm-contention-1,8,candidate>baseline,ns/op,,,1,,200000,1975.084795,1962.7325,1,1,200000,200000
warm-contention-8,8,candidate>baseline,ns/op,,,8,,200000,1526.181665,1263.78417,1,1,200000,200000
warm-contention-32,8,candidate>baseline,ns/op,,,32,,200000,1637.88,1669.870415,1,1,200000,200000
warm-highlight,9,baseline>candidate,ns/op,200000,,,,,1985.451665,1986.986875,1,1,200000,200000
auto-warm,9,baseline>candidate,ns/op,500,64,,,,161928.834,132557.5,,,1000,1000
cold-contention,9,baseline>candidate,ns/round,,,16,3,,5192208.333333,2269791.666667,42,3,48,48
warm-contention-1,9,baseline>candidate,ns/op,,,1,,200000,1984.036875,1914.979585,1,1,200000,200000
warm-contention-8,9,baseline>candidate,ns/op,,,8,,200000,1446.70458,1289.724795,1,1,200000,200000
warm-contention-32,9,baseline>candidate,ns/op,,,32,,200000,1657.49458,1731.424795,1,1,200000,200000
warm-highlight,10,candidate>baseline,ns/op,200000,,,,,2004.5,1926.509375,1,1,200000,200000
auto-warm,10,candidate>baseline,ns/op,500,64,,,,158228.334,128532.5,,,1000,1000
cold-contention,10,candidate>baseline,ns/round,,,16,3,,4699694.333333,2173611.333333,42,3,48,48
warm-contention-1,10,candidate>baseline,ns/op,,,1,,200000,2006.586665,1930.39646,1,1,200000,200000
warm-contention-8,10,candidate>baseline,ns/op,,,8,,200000,1436.209165,1296.6475,1,1,200000,200000
warm-contention-32,10,candidate>baseline,ns/op,,,32,,200000,1565.102915,1600.20667,1,1,200000,200000
warm-highlight,11,baseline>candidate,ns/op,200000,,,,,1974.47,1934.475835,1,1,200000,200000
auto-warm,11,baseline>candidate,ns/op,500,64,,,,160329.25,133836.418,,,1000,1000
cold-contention,11,baseline>candidate,ns/round,,,16,3,,4615861.0,2328597.333333,42,3,48,48
warm-contention-1,11,baseline>candidate,ns/op,,,1,,200000,1935.96625,1930.49854,1,1,200000,200000
warm-contention-8,11,baseline>candidate,ns/op,,,8,,200000,1418.62104,1270.324795,1,1,200000,200000
warm-contention-32,11,baseline>candidate,ns/op,,,32,,200000,1622.90354,1696.234165,1,1,200000,200000
warm-highlight,12,candidate>baseline,ns/op,200000,,,,,1939.603955,1933.97375,1,1,200000,200000
auto-warm,12,candidate>baseline,ns/op,500,64,,,,156769.25,129583.25,,,1000,1000
cold-contention,12,candidate>baseline,ns/round,,,16,3,,4954875.0,2296014.0,42,3,48,48
warm-contention-1,12,candidate>baseline,ns/op,,,1,,200000,1926.03042,1889.65625,1,1,200000,200000
warm-contention-8,12,candidate>baseline,ns/op,,,8,,200000,1377.805625,1250.96396,1,1,200000,200000
warm-contention-32,12,candidate>baseline,ns/op,,,32,,200000,1684.985,1664.149585,1,1,200000,200000
warm-highlight,13,baseline>candidate,ns/op,200000,,,,,1940.725835,1921.42042,1,1,200000,200000
auto-warm,13,baseline>candidate,ns/op,500,64,,,,160993.25,132406.25,,,1000,1000
cold-contention,13,baseline>candidate,ns/round,,,16,3,,4847958.333333,2337986.0,42,3,48,48
warm-contention-1,13,baseline>candidate,ns/op,,,1,,200000,1983.395415,1971.63104,1,1,200000,200000
warm-contention-8,13,baseline>candidate,ns/op,,,8,,200000,1417.809795,1351.214375,1,1,200000,200000
warm-contention-32,13,baseline>candidate,ns/op,,,32,,200000,1602.035,1712.047295,1,1,200000,200000
warm-highlight,14,candidate>baseline,ns/op,200000,,,,,1956.64,1944.90125,1,1,200000,200000
auto-warm,14,candidate>baseline,ns/op,500,64,,,,153017.082,127977.25,,,1000,1000
cold-contention,14,candidate>baseline,ns/round,,,16,3,,4573388.666667,2298458.333333,42,3,48,48
warm-contention-1,14,candidate>baseline,ns/op,,,1,,200000,1920.970415,1896.805835,1,1,200000,200000
warm-contention-8,14,candidate>baseline,ns/op,,,8,,200000,1399.264795,1232.253335,1,1,200000,200000
warm-contention-32,14,candidate>baseline,ns/op,,,32,,200000,1611.36729,1690.86854,1,1,200000,200000
warm-highlight,15,baseline>candidate,ns/op,200000,,,,,1963.901875,1935.819585,1,1,200000,200000
auto-warm,15,baseline>candidate,ns/op,500,64,,,,155139.916,128234.082,,,1000,1000
cold-contention,15,baseline>candidate,ns/round,,,16,3,,4606986.0,2272916.666667,41,3,48,48
warm-contention-1,15,baseline>candidate,ns/op,,,1,,200000,1928.87875,1926.039795,1,1,200000,200000
warm-contention-8,15,baseline>candidate,ns/op,,,8,,200000,1388.94,1263.69771,1,1,200000,200000
warm-contention-32,15,baseline>candidate,ns/op,,,32,,200000,1575.978125,1764.04125,1,1,200000,200000
